call_id,event_time,event_text
1,06:42:28,PM
1,06:42:51,PM
1,06:42:53,PM
1,06:45:17,PM
1,06:45:17,PM
1,06:45:18,PM
2,02:23:22,PM
2,02:23:43,PM
2,02:23:47,PM
2,02:24:32,PM
2,02:24:32,PM
2,02:24:33,PM
3,08:25:22,AM
3,08:25:37,AM
3,08:25:41,AM
3,08:25:44,AM
3,08:26:56,AM
3,08:26:57,AM
3,08:26:58,AM
6,04:15:11,PM
6,04:15:20,PM
6,04:15:22,PM
6,04:16:03,PM
6,04:16:04,PM
6,04:16:05,PM
8,04:08:45,PM
8,04:08:56,PM
8,04:08:59,PM
8,04:09:00,PM
8,04:09:09,PM
8,04:09:24,PM
8,04:11:19,PM
8,04:11:19,PM
8,04:11:21,PM
11,07:31:53,PM
11,07:32:03,PM
11,07:32:07,PM
11,07:34:29,PM
11,07:34:29,PM
11,07:34:31,PM
12,06:30:43,PM
12,06:30:50,PM
12,06:30:52,PM
12,06:35:06,PM
12,06:35:06,PM
12,06:35:08,PM
13,11:35:17,AM
13,11:35:27,AM
13,11:35:30,AM
13,11:40:15,AM
13,11:40:15,AM
13,11:40:17,AM
16,08:33:25,AM
16,08:33:42,AM
16,08:33:45,AM
16,08:40:34,AM
16,08:40:34,AM
16,08:40:35,AM
19,09:58:45,AM
19,09:58:55,AM
19,09:59:34,AM
19,09:59:34,AM
20,09:59:37,AM
20,09:59:43,AM
20,09:59:43,AM
21,09:59:55,AM
21,10:00:03,AM
21,10:00:07,AM
21,10:00:17,AM
21,10:00:20,AM
21,10:01:07,AM
21,10:01:07,AM
21,10:01:08,AM
22,10:01:13,AM
22,10:01:26,AM
22,10:01:29,AM
22,10:01:30,AM
22,10:01:30,AM
22,10:01:31,AM
23,10:01:36,AM
23,10:01:43,AM
23,10:01:47,AM
23,10:01:49,AM
23,10:01:49,AM
23,10:01:50,AM
24,10:01:54,AM
24,10:02:01,AM
24,10:02:07,AM
24,10:02:07,AM
26,10:02:23,AM
26,10:02:29,AM
26,10:02:50,AM
26,10:03:06,AM
26,10:03:07,AM
27,09:36:57,PM
27,09:37:06,PM
27,09:37:08,PM
27,09:37:36,PM
27,09:37:36,PM
27,09:37:37,PM
30,08:02:06,AM
30,08:02:15,AM
30,08:02:18,AM
30,08:08:54,AM
30,08:08:54,AM
30,08:08:56,AM
31,08:18:12,AM
31,08:18:21,AM
31,08:18:25,AM
31,08:21:37,AM
31,08:21:37,AM
31,08:21:39,AM
32,05:53:24,PM
32,05:53:36,PM
32,05:53:38,PM
32,05:54:06,PM
32,05:54:08,PM
32,05:54:08,PM
35,06:18:47,PM
35,06:18:55,PM
35,06:18:58,PM
35,06:21:33,PM
35,06:21:33,PM
35,06:21:35,PM
36,10:57:16,AM
36,10:57:49,AM
36,10:57:51,AM
36,10:58:32,AM
36,10:58:34,AM
36,10:59:32,AM
36,10:59:38,AM
36,11:01:12,AM
36,11:01:13,AM
36,11:01:14,AM
37,07:42:55,AM
37,07:43:04,AM
37,07:43:28,AM
37,07:43:28,AM
38,07:43:28,AM
38,07:43:43,AM
38,07:43:45,AM
38,07:44:11,AM
38,07:44:16,AM
38,07:46:00,AM
38,07:46:01,AM
38,08:04:14,AM
38,08:04:14,AM
38,08:04:16,AM
42,11:49:59,AM
42,11:50:07,AM
42,11:50:11,AM
42,11:54:22,AM
42,11:54:22,AM
42,11:54:23,AM
43,06:36:58,PM
43,06:37:16,PM
43,06:37:19,PM
43,06:40:59,PM
43,06:40:59,PM
43,06:41:01,PM
44,04:28:51,PM
44,04:29:05,PM
44,04:29:08,PM
44,04:31:07,PM
44,04:31:07,PM
44,04:31:09,PM
45,04:37:11,PM
45,04:37:23,PM
45,04:37:26,PM
45,04:38:11,PM
45,04:38:13,PM
45,04:38:13,PM
46,04:38:14,PM
46,04:38:24,PM
46,04:38:27,PM
46,04:40:28,PM
46,04:40:28,PM
46,04:40:29,PM
48,10:26:18,AM
48,10:26:47,AM
48,10:26:51,AM
48,10:27:14,AM
48,10:27:15,AM
48,10:35:45,AM
48,10:35:45,AM
48,10:35:47,AM
49,12:45:35,PM
49,12:45:45,PM
49,12:45:48,PM
49,12:56:21,PM
49,12:56:28,PM
49,12:56:56,PM
49,12:57:06,PM
49,12:59:38,PM
49,12:59:38,PM
49,12:59:40,PM
53,07:11:48,PM
53,07:12:10,PM
53,07:12:13,PM
53,07:13:00,PM
53,07:13:00,PM
53,07:13:02,PM
54,05:33:42,PM
54,05:33:54,PM
54,05:33:56,PM
54,05:36:22,PM
54,05:36:22,PM
54,05:36:23,PM
56,07:19:11,PM
56,07:19:28,PM
56,07:19:30,PM
56,07:20:15,PM
56,07:20:15,PM
56,07:20:16,PM
57,07:20:17,PM
57,07:20:24,PM
57,07:20:27,PM
57,07:22:26,PM
57,07:22:26,PM
57,07:22:27,PM
58,06:55:18,PM
58,06:55:37,PM
58,06:55:39,PM
58,06:55:57,PM
58,06:58:32,PM
58,06:58:33,PM
58,06:58:34,PM
60,06:06:17,PM
60,06:06:37,PM
60,06:06:40,PM
60,06:09:57,PM
60,06:09:57,PM
60,06:09:59,PM
62,12:33:55,PM
62,12:34:08,PM
62,12:34:10,PM
62,12:37:57,PM
62,12:37:57,PM
62,12:37:59,PM
63,11:14:50,AM
63,11:15:15,AM
63,11:15:17,AM
63,11:17:23,AM
63,11:17:23,AM
63,11:17:24,AM
68,09:25:17,AM
68,09:25:25,AM
68,09:25:27,AM
68,09:30:42,AM
68,09:30:42,AM
68,09:30:44,AM
69,10:22:00,AM
69,10:22:29,AM
69,10:22:31,AM
69,10:25:18,AM
69,10:25:18,AM
69,10:25:20,AM
70,10:34:17,AM
70,10:34:33,AM
70,10:34:35,AM
70,10:34:37,AM
70,10:38:06,AM
70,10:38:06,AM
70,10:38:07,AM
71,04:02:36,PM
71,04:02:56,PM
71,04:02:58,PM
71,04:11:23,PM
71,04:11:44,PM
71,04:11:44,PM
71,04:11:44,PM
74,04:16:39,PM
74,04:16:58,PM
74,04:17:01,PM
74,04:19:44,PM
74,04:19:45,PM
74,04:19:46,PM
75,01:21:55,PM
75,01:22:09,PM
75,01:22:11,PM
75,01:22:35,PM
75,01:25:04,PM
75,01:25:04,PM
75,01:25:05,PM
76,02:34:25,PM
76,02:34:45,PM
76,02:34:47,PM
76,02:35:48,PM
76,02:35:48,PM
76,02:35:50,PM
77,11:05:22,AM
77,11:05:36,AM
77,11:05:39,AM
77,11:05:42,AM
77,11:05:51,AM
77,11:06:13,AM
77,11:11:45,AM
77,11:11:47,AM
77,11:11:47,AM
84,01:09:22,PM
84,01:09:28,PM
84,01:09:30,PM
84,01:11:02,PM
84,01:11:02,PM
84,01:11:03,PM
87,07:08:20,PM
87,07:08:34,PM
87,07:08:38,PM
87,07:08:40,PM
87,07:09:13,PM
87,07:09:28,PM
87,07:09:46,PM
87,07:10:39,PM
87,07:10:39,PM
87,07:10:39,PM
88,07:11:26,PM
88,07:11:38,PM
88,07:11:40,PM
88,07:11:43,PM
88,07:11:58,PM
88,07:11:58,PM
88,07:12:00,PM
89,05:18:19,PM
89,05:18:44,PM
89,05:18:47,PM
89,05:19:08,PM
89,05:19:08,PM
89,05:19:09,PM
92,10:50:57,AM
92,10:51:05,AM
92,10:51:08,AM
92,10:51:11,AM
92,10:52:28,AM
92,10:52:28,AM
92,10:52:30,AM
93,05:29:29,PM
93,05:29:45,PM
93,05:29:48,PM
93,05:33:16,PM
93,05:33:16,PM
93,05:33:17,PM
94,08:45:26,AM
94,08:45:42,AM
94,08:45:45,AM
94,08:50:06,AM
94,08:50:06,AM
94,08:50:08,AM
95,10:59:20,AM
95,10:59:27,AM
95,10:59:30,AM
95,11:09:54,AM
95,11:09:54,AM
95,11:09:56,AM
97,01:53:41,PM
97,01:53:51,PM
97,01:53:53,PM
97,01:54:29,PM
97,01:54:29,PM
97,01:54:30,PM
98,06:39:47,PM
98,06:40:02,PM
98,06:40:04,PM
98,06:40:55,PM
98,06:40:55,PM
98,06:40:56,PM
101,07:25:41,PM
101,07:25:48,PM
101,07:25:48,PM
102,07:25:51,PM
102,07:25:57,PM
102,07:26:00,PM
102,07:36:37,PM
102,07:36:37,PM
102,07:36:38,PM
105,04:46:10,PM
105,04:46:25,PM
105,04:46:28,PM
105,04:47:51,PM
105,04:47:51,PM
105,04:47:51,PM
106,09:40:56,AM
106,09:41:04,AM
106,09:41:07,AM
106,09:42:51,AM
106,09:42:51,AM
106,09:42:53,AM
107,01:28:37,PM
107,01:28:53,PM
107,01:28:57,PM
107,01:30:06,PM
107,01:30:06,PM
107,01:30:07,PM
112,04:02:48,PM
112,04:02:57,PM
112,04:02:59,PM
112,04:06:30,PM
112,04:06:30,PM
112,04:06:31,PM
113,04:06:42,PM
113,04:06:49,PM
113,04:06:51,PM
113,04:07:03,PM
113,04:07:03,PM
113,04:07:04,PM
120,11:58:48,AM
120,11:58:59,AM
120,11:59:02,AM
120,11:59:45,AM
120,11:59:46,AM
120,12:00:03,PM
120,12:00:09,PM
120,12:00:21,PM
120,12:00:23,PM
120,12:00:23,PM
122,12:00:42,PM
122,12:00:50,PM
122,12:00:53,PM
122,12:02:42,PM
122,12:02:42,PM
122,12:02:43,PM
128,10:57:06,AM
128,10:57:14,AM
128,10:57:16,AM
128,10:57:22,AM
128,10:59:42,AM
128,10:59:43,AM
128,10:59:44,AM
130,12:51:09,PM
130,12:51:31,PM
130,12:51:33,PM
130,12:53:13,PM
130,12:53:14,PM
130,12:53:15,PM
134,05:13:24,PM
134,05:13:31,PM
134,05:13:33,PM
134,05:15:41,PM
134,05:15:41,PM
134,05:15:42,PM
138,10:42:42,AM
138,10:42:52,AM
138,10:42:54,AM
138,10:44:24,AM
138,10:44:24,AM
138,10:44:25,AM
139,10:44:29,AM
139,10:44:40,AM
139,10:44:42,AM
139,10:44:49,AM
139,10:44:49,AM
139,10:44:49,AM
140,10:44:53,AM
140,10:44:58,AM
140,10:45:00,AM
140,10:49:39,AM
140,10:49:39,AM
140,10:49:41,AM
144,02:57:56,PM
144,02:58:01,PM
144,02:58:03,PM
144,02:58:47,PM
144,02:58:47,PM
144,02:58:48,PM
145,11:22:22,AM
145,11:24:10,AM
146,11:23:10,AM
146,11:23:46,AM
146,11:23:49,AM
146,11:29:08,AM
146,11:29:08,AM
146,11:29:09,AM
147,11:29:13,AM
147,11:29:19,AM
147,11:29:21,AM
147,11:29:35,AM
147,11:29:36,AM
147,11:29:37,AM
151,12:50:31,PM
151,12:51:00,PM
151,12:51:02,PM
151,12:51:39,PM
151,12:51:52,PM
151,12:52:49,PM
151,12:52:49,PM
151,12:52:50,PM
154,11:04:51,AM
154,11:05:04,AM
154,11:05:06,AM
154,11:06:57,AM
154,11:06:57,AM
154,11:06:59,AM
155,11:00:31,AM
155,11:01:03,AM
155,11:01:04,AM
155,11:02:21,AM
155,11:02:22,AM
155,11:02:23,AM
156,05:02:02,PM
156,05:02:16,PM
156,05:02:18,PM
156,05:02:49,PM
156,05:02:49,PM
156,05:02:50,PM
157,10:23:25,AM
157,10:23:38,AM
157,10:23:41,AM
157,10:25:08,AM
157,10:25:08,AM
157,10:25:09,AM
162,11:40:58,AM
162,11:41:08,AM
162,11:41:10,AM
162,11:43:28,AM
162,11:43:28,AM
162,11:43:29,AM
163,02:25:41,PM
163,02:25:49,PM
163,02:25:51,PM
163,02:25:53,PM
163,02:26:02,PM
163,02:26:02,PM
163,02:26:48,PM
163,02:26:49,PM
163,02:26:56,PM
163,02:26:56,PM
163,02:26:56,PM
164,02:27:03,PM
164,02:27:14,PM
164,02:27:17,PM
164,02:27:56,PM
164,02:27:56,PM
164,02:27:57,PM
167,07:01:53,PM
167,07:02:09,PM
167,07:02:16,PM
167,07:02:16,PM
169,07:03:26,PM
169,07:03:33,PM
169,07:03:36,PM
169,07:04:00,PM
169,07:04:01,PM
169,07:04:02,PM
170,04:30:49,PM
170,04:30:59,PM
170,04:31:01,PM
170,04:31:22,PM
170,04:31:23,PM
170,04:31:24,PM
171,04:35:49,PM
171,04:36:00,PM
171,04:36:03,PM
171,04:38:39,PM
171,04:38:40,PM
171,04:38:41,PM
174,06:04:57,PM
174,06:05:04,PM
174,06:05:06,PM
174,06:06:18,PM
174,06:06:18,PM
174,06:06:19,PM
175,04:54:18,PM
175,04:54:38,PM
175,04:54:41,PM
175,04:57:03,PM
175,04:57:04,PM
175,04:57:05,PM
177,06:16:15,PM
177,06:16:24,PM
177,06:16:26,PM
177,06:17:30,PM
177,06:17:30,PM
177,06:17:32,PM
178,03:34:41,PM
178,03:34:52,PM
178,03:34:55,PM
178,03:35:14,PM
178,03:35:14,PM
178,03:35:15,PM
180,07:14:54,PM
180,07:15:09,PM
180,07:15:12,PM
180,07:15:31,PM
180,07:15:32,PM
180,07:15:33,PM
182,07:03:44,PM
182,07:03:53,PM
182,07:03:56,PM
182,07:05:31,PM
182,07:05:31,PM
182,07:05:32,PM
185,05:38:51,PM
185,05:38:58,PM
185,05:39:01,PM
185,05:39:13,PM
185,05:39:16,PM
185,05:39:16,PM
186,05:39:26,PM
186,05:39:41,PM
186,05:39:43,PM
186,05:39:58,PM
186,05:39:58,PM
186,05:39:58,PM
187,05:40:03,PM
187,05:40:10,PM
187,05:40:12,PM
187,05:40:17,PM
187,05:40:17,PM
187,05:40:17,PM
187,05:40:17,PM
188,05:40:22,PM
188,05:40:29,PM
188,05:40:31,PM
188,05:41:25,PM
188,05:41:26,PM
188,05:41:27,PM
189,05:22:26,PM
189,05:22:33,PM
189,05:22:36,PM
189,05:23:11,PM
189,05:23:12,PM
189,05:23:13,PM
190,02:46:51,PM
190,02:47:02,PM
190,02:47:03,PM
190,02:52:25,PM
190,02:52:25,PM
190,02:52:27,PM
191,10:12:53,AM
191,10:13:02,AM
191,10:13:06,AM
191,10:15:27,AM
191,10:15:27,AM
191,10:15:28,AM
193,07:19:53,PM
193,07:20:01,PM
193,07:20:03,PM
193,07:21:45,PM
193,07:21:45,PM
193,07:21:46,PM
196,11:22:07,AM
196,11:22:15,AM
196,11:22:17,AM
196,11:22:46,AM
196,11:26:52,AM
196,11:26:53,AM
196,11:26:55,AM
196,11:26:57,AM
196,11:26:59,AM
196,11:26:59,AM
196,11:27:00,AM
197,11:27:04,AM
197,11:27:11,AM
197,11:27:14,AM
197,11:27:25,AM
197,11:27:25,AM
197,11:27:27,AM
198,12:49:48,PM
198,12:50:23,PM
198,12:50:25,PM
198,12:52:08,PM
198,12:52:08,PM
198,12:52:10,PM
199,04:19:47,PM
199,04:20:04,PM
199,04:20:07,PM
199,04:20:10,PM
199,04:22:42,PM
199,04:22:42,PM
199,04:22:44,PM
201,08:51:12,AM
201,08:51:20,AM
201,08:51:22,AM
201,08:57:18,AM
201,08:57:18,AM
201,08:57:20,AM
202,06:23:57,PM
202,06:24:26,PM
202,06:24:29,PM
202,06:25:28,PM
202,06:25:28,PM
202,06:25:29,PM
205,07:39:32,PM
205,07:39:39,PM
205,07:39:43,PM
205,07:40:30,PM
205,07:40:30,PM
205,07:40:31,PM
206,12:35:51,PM
206,12:36:09,PM
206,12:36:12,PM
206,12:36:55,PM
206,12:36:55,PM
206,12:36:57,PM
207,11:10:36,AM
207,11:10:49,AM
207,11:10:52,AM
207,11:12:13,AM
207,11:14:12,AM
207,11:14:13,AM
207,11:14:14,AM
209,07:27:44,PM
209,07:28:04,PM
209,07:28:06,PM
209,07:29:04,PM
209,07:29:04,PM
209,07:29:05,PM
210,10:21:46,AM
210,10:22:01,AM
210,10:22:03,AM
210,10:26:01,AM
210,10:26:01,AM
210,10:26:03,AM
212,08:27:54,AM
212,08:28:02,AM
212,08:28:04,AM
212,08:29:27,AM
212,08:29:27,AM
212,08:29:28,AM
217,07:41:30,PM
217,07:42:08,PM
217,07:42:10,PM
217,07:42:55,PM
217,07:42:55,PM
217,07:42:57,PM
218,11:06:29,AM
218,11:06:58,AM
218,11:07:00,AM
218,11:09:11,AM
218,11:09:11,AM
218,11:09:11,AM
219,11:09:18,AM
219,11:09:25,AM
219,11:09:28,AM
219,11:13:39,AM
219,11:13:39,AM
219,11:13:41,AM
220,04:44:23,PM
220,04:44:38,PM
220,04:44:42,PM
220,04:45:31,PM
220,04:45:31,PM
220,04:45:32,PM
224,03:24:03,PM
224,03:24:09,PM
224,03:24:14,PM
224,03:25:52,PM
224,03:25:53,PM
224,03:25:54,PM
225,09:18:38,AM
225,09:18:46,AM
225,09:18:49,AM
225,09:19:04,AM
225,09:19:05,AM
225,09:19:06,AM
226,09:51:12,AM
226,09:51:21,AM
226,09:51:23,AM
226,09:52:34,AM
226,09:52:34,AM
226,09:52:36,AM
227,01:00:26,PM
227,01:00:57,PM
227,01:00:59,PM
227,01:03:23,PM
227,01:03:23,PM
227,01:03:25,PM
230,07:12:36,AM
230,07:12:53,AM
230,07:12:57,AM
230,07:13:40,AM
230,07:14:09,AM
230,07:14:10,AM
230,07:14:11,AM
231,06:41:31,AM
231,06:41:42,AM
231,06:41:45,AM
231,06:45:23,AM
231,06:45:23,AM
231,06:45:25,AM
232,04:28:59,PM
232,04:29:07,PM
232,04:29:11,PM
232,04:29:29,PM
232,04:29:29,PM
232,04:29:37,PM
232,04:29:39,PM
232,04:29:39,PM
234,04:29:59,PM
234,04:30:06,PM
234,04:30:06,PM
236,04:30:27,PM
236,04:30:34,PM
236,04:30:36,PM
236,04:30:37,PM
236,04:30:37,PM
236,04:32:34,PM
236,04:32:34,PM
236,04:32:36,PM
238,06:12:45,PM
238,06:12:55,PM
238,06:12:58,PM
238,06:14:23,PM
238,06:14:23,PM
238,06:14:25,PM
244,08:35:22,PM
244,08:35:31,PM
244,08:35:33,PM
244,08:37:29,PM
244,08:37:30,PM
244,08:37:31,PM
246,06:34:07,PM
246,06:34:19,PM
246,06:34:22,PM
246,06:36:51,PM
246,06:36:51,PM
246,06:36:53,PM
247,01:13:39,PM
247,01:14:22,PM
247,01:14:25,PM
247,01:16:28,PM
247,01:16:28,PM
247,01:16:29,PM
250,07:38:20,PM
250,07:38:31,PM
250,07:38:33,PM
250,07:39:18,PM
250,07:39:18,PM
250,07:39:20,PM
252,07:27:28,PM
252,07:27:40,PM
252,07:27:42,PM
252,07:28:36,PM
252,07:28:36,PM
252,07:28:38,PM
253,12:53:31,PM
253,12:53:45,PM
253,12:53:48,PM
253,12:56:50,PM
253,12:56:50,PM
253,12:56:52,PM
254,08:06:08,AM
254,08:06:23,AM
254,08:06:27,AM
254,08:10:17,AM
254,08:10:17,AM
254,08:10:18,AM
